25,2024-05-24
25,2024-05-24
25,2024-05-24
25,2024-05-24
25,2024-05-23
25,2024-05-23
25,2024-05-23
25,2024-05-22
25,2024-05-22
25,2024-05-22
25,2024-05-21
25,2024-05-21
25,2024-05-14
25,2024-05-14
25,2024-05-13
25,2024-05-12
25,2024-05-12
25,2024-05-12
25,2024-05-11
25,2024-05-11
25,2024-05-10
25,2024-05-10
25,2024-05-05
25,2024-05-05
25,2024-05-05
25,2024-05-06
25,2024-05-06
25,2024-05-11
25,2024-05-20
25,2024-05-22
25,2024-05-21
25,2024-05-21
25,2024-05-12
25,2024-05-06
25,2024-05-03
25,2024-05-03
25,2024-05-04
25,2024-05-05
25,2024-05-06
25,2024-05-06
25,2024-05-07
25,2024-05-07
25,2024-05-08
25,2024-05-01
25,2024-04-05
25,2024-04-06
25,2024-04-01
25,2024-04-02
25,2024-04-03
25,2024-04-03
25,2024-04-03
25,2024-04-04
25,2024-04-04
25,2024-04-05
25,2024-04-06
25,2024-04-06
25,2024-04-07
25,2024-04-08
25,2024-04-09
25,2024-04-12
25,2024-04-12
25,2024-04-12
25,2024-04-14
25,2024-04-14
25,2024-04-15
25,2024-04-15
25,2024-04-16
25,2024-04-17
25,2024-04-17
25,2024-04-14
25,2024-04-15
25,2024-04-15
25,2024-04-16
25,2024-04-17
25,2024-04-17
25,2024-03-24
25,2024-03-24
25,2024-03-04
25,2024-03-04
25,2024-03-05
25,2024-03-05
25,2024-03-06
25,2024-03-07
25,2024-03-06
25,2024-03-07
25,2024-03-08
25,2024-03-08
25,2024-03-08
25,2024-02-08
25,2024-02-09
25,2024-02-10
25,2024-02-11
25,2024-02-12
25,2024-02-14
25,2024-02-15
25,2024-02-16
25,2024-02-19
25,2024-02-19
25,2024-02-19
25,2024-02-14
25,2024-02-14
25,2024-02-15
25,2024-02-18
25,2024-02-23
25,2024-02-23
25,2024-01-23
25,2024-01-13
25,2024-01-17
25,2024-01-19
25,2024-01-19
25,2024-01-18
25,2024-01-13
25,2024-01-13
25,2024-01-15
25,2024-01-13
25,2024-01-14
25,2024-01-15
25,2024-01-22
25,2024-01-23
25,2024-01-24
1,2024-05-27
1,2024-05-27
1,2024-05-27
1,2024-05-29
1,2024-05-29
